Timestamp,"Câu 1. Bạn có thường theo dõi tin tức, giải đấu, kỳ thủ hoặc nội dung liên quan đến cờ vua không?","Câu 2. Trước khảo sát này, bạn đã từng nghe đến Freestyle Chess chưa?",Câu 3. Bạn thường dùng thiết bị nào để đọc tin tức thể thao hoặc tin tức cờ vua?,"Câu 4. Khi dùng điện thoại, bạn thường cầm máy bằng cách nào?",Câu 5. Bạn thường xem tin tức hoặc thông tin sự kiện trên điện thoại trong tình huống nào?,"Câu 6, Khi truy cập một website về cờ vua hoặc giải đấu cờ vua, bạn thường muốn xem thông tin gì trước?","Câu 7. Nếu chỉ có 2-3 phút để xem nhanh trên điện thoại, bạn muốn website giúp bạn làm gì nhanh nhất?","Câu 8. Theo bạn, điều gì làm một website tin tức/sự kiện trên điện thoại dễ sử dụng?","Câu 9. Khi nhìn trang chủ Freestyle Chess trên điện thoại, bạn có dễ hiểu website này dùng để làm gì không?",Câu 10. Bạn có thấy trang chủ cung cấp đủ hướng dẫn cho người dùng mới không?,Câu 11. Menu điều hướng trên mobile có dễ tìm và dễ bấm không?,"Câu 12. Khi dùng một tay, bạn có thấy các nút điều hướng chính dễ chạm tới không?","Câu 13. Bạn có từng cảm thấy phải với tay, đổi cách cầm điện thoại hoặc dùng tay còn lại để thao tác không?","Câu 14. Các mục trong menu như News, Schedule, Rating, Videos & Streams có dễ hiểu không?",Câu 15. Bạn có nghĩ việc thêm icon vào các mục menu sẽ giúp nhận biết nhanh hơn không?,Câu 16. Việc tìm một kỳ thủ hoặc thông tin trong bảng xếp hạng có dễ không?,"Câu 17. Khi danh sách thông tin quá dài, bạn thích cách hỗ trợ nào nhất?","Câu 18. Khi tìm tin tức về một sự kiện cờ vua, bạn muốn tìm theo cách nào?","Câu 19. Bạn có từng gặp khó khăn khi không nhớ chính xác tên sự kiện, kỳ thủ hoặc thông tin cần tìm không?",Câu 20. Khu vực video/livestream có dễ hiểu và dễ sử dụng không?,"Câu 21. Khi chọn một video mới, bạn kỳ vọng điều gì xảy ra?","Câu 22. Nếu nhiều video phát cùng lúc, trải nghiệm của bạn sẽ như thế nào?",Câu 23. Bạn có từng không chắc một nội dung/nút/thẻ trên website có bấm được hay không?,Câu 24. Phần dễ sử dụng nhất của Freestyle Chess mobile web là gì?,Câu 25. Phần gây khó chịu hoặc khó hiểu nhất là gì?,"Câu 26. Theo bạn, website này phù hợp nhất với nhóm người dùng nào?",Câu 27. Bạn có muốn quay lại website này để theo dõi Freestyle Chess hoặc tin tức cờ vua không?,"Câu 28. Nếu được cải thiện một điểm trên giao diện mobile, bạn muốn cải thiện điều gì nhất?",Câu 29. Bạn có góp ý nào khác cho nhóm thiết kế không?,Ai là người gửi cho bạn cái form này?
7/17/2026 19:49:19,Thỉnh thoảng,Chưa từng nghe,"Điện thoại, Laptop hoặc máy tính bàn, Máy tính bảng",Tùy tình huống,"Ở nhà, Trước khi ngủ, Khi đi lại hoặc chờ đợi","Lịch thi đấu, Kết quả trận đấu, Thông tin kỳ thủ, Bảng xếp hạng",kết quả các trận đấu,cập nhật nhanh chóng và thông tin quan trọng,3,"Một phần, nhưng vẫn cần giải thích thêm",4,2,Không để ý,3,Không chắc,3,"Phân trang, Bộ lọc theo sự kiện/ngày/kỳ thủ","Tên sự kiện, Ngày diễn ra, Tên kỳ thủ, Từ khóa",Có,3,Video cũ tự dừng và video mới phát,khá khó nhìn,Có,tương tác giữa các video,,Người đã biết website từ trước,Có thể,độ ổn định khi có nhiều người dùng,,
7/17/2026 19:51:31,Rất thường xuyên,Đã từng nghe và từng truy cập,"Điện thoại, Laptop hoặc máy tính bàn",Tùy tình huống,Ở nhà,"Tin tức mới nhất, Lịch thi đấu, Kết quả trận đấu, Thông tin kỳ thủ, Bảng xếp hạng, Luật chơi hoặc thể thức giải",đọc tin tức,,5,"Có, khá rõ ràng",5,5,Có,5,Có,5,"Thanh tìm kiếm luôn cố định ở đầu trang, Phân trang, Bộ lọc theo sự kiện/ngày/kỳ thủ, Gợi ý tìm kiếm khi nhập từ khóa, Không cần, chỉ cần cuộn là đủ",Tên kỳ thủ,Có,5,Website hỏi tôi muốn dừng video cũ không,khó chịu,Có,bảng ,không có,Người theo dõi cờ vua thường xuyên,Có,không cần,không,
7/17/2026 20:07:17,Rất thường xuyên,Đã từng nghe và từng truy cập,Laptop hoặc máy tính bàn,Tùy tình huống,Ở nhà,Tin tức mới nhất,Chat và facebook,Được kết nối internet đầy đủ,5,"Một phần, nhưng vẫn cần giải thích thêm",3,2,Có,3,Có,3,Phân trang,Tên sự kiện,Không,3,Video mới mở thêm nhưng video cũ vẫn chạy,Khó chịu,Không,Không có,Không có,Người theo dõi cờ vua thường xuyên,Có,"đa dạng các phần mềm, và được miễn phí",Không,
7/17/2026 20:13:30,Hiếm khi hoặc chưa từng,Đã từng nghe nhưng chưa truy cập,Điện thoại,Một tay,Ở nhà,"Tin tức mới nhất, Video hoặc livestream",,,3,"Một phần, nhưng vẫn cần giải thích thêm",3,4,Có,3,Có,3,"Phân trang, Gợi ý tìm kiếm khi nhập từ khóa","Từ khóa, Tin mới nhất",Có,3,Video mới mở thêm nhưng video cũ vẫn chạy,,Có,,,Người chỉ xem khi có giải lớn,Có,,,
7/17/2026 20:20:07,Hiếm khi hoặc chưa từng,Chưa từng nghe,Điện thoại,Tùy tình huống,"Ở nhà, Trước khi ngủ, Khi đi lại hoặc chờ đợi, Trong giờ nghỉ ngắn","Tin tức mới nhất, Lịch thi đấu, Bảng xếp hạng",,Thông tin tin tức mới và hot nhất dễ truy cập với số buớc ít nhất,2,"Có, khá rõ ràng",4,4,Không để ý,3,Không chắc,4,"Phân trang, Gợi ý tìm kiếm khi nhập từ khóa","Tên sự kiện, Ngày diễn ra, Tên kỳ thủ, Tin mới nhất",Chưa từng thử,3,Video cũ tự dừng và video mới phát,,Không để ý,,,Người theo dõi cờ vua thường xuyên,Không chắc,,,
7/17/2026 20:37:06,Rất thường xuyên,Chưa từng nghe,"Điện thoại, Laptop hoặc máy tính bàn, Máy tính bảng",Tùy tình huống,"Ở nhà, Trước khi ngủ, Trong giờ nghỉ ngắn","Tin tức mới nhất, Thông tin kỳ thủ, Bảng xếp hạng, Video hoặc livestream",,,4,"Có, khá rõ ràng",4,5,Có,5,Có,5,"Thanh tìm kiếm luôn cố định ở đầu trang, Phân trang","Tên sự kiện, Tên kỳ thủ",Có,5,Video cũ tự dừng và video mới phát,,Có,,,Người theo dõi cờ vua thường xuyên,Có,,,
7/17/2026 23:36:00,Rất thường xuyên,Chưa từng nghe,"Điện thoại, Laptop hoặc máy tính bàn",Tùy tình huống,Ở nhà,"Tin tức mới nhất, Kết quả trận đấu, Thông tin kỳ thủ",,,4,"Có, khá rõ ràng",4,3,Có,4,Có,4,Bộ lọc theo sự kiện/ngày/kỳ thủ,"Ngày diễn ra, Tên kỳ thủ",Có,4,Video mới mở thêm nhưng video cũ vẫn chạy,,Không để ý,,,Không chắc,Có thể,,,
7/18/2026 7:32:48,Rất thường xuyên,Chưa từng nghe,"Điện thoại, Laptop hoặc máy tính bàn",Tùy tình huống,"Ở nhà, Trước khi ngủ","Kết quả trận đấu, Thông tin kỳ thủ, Bảng xếp hạng","đánh giá trận đấu, kết quả, thời gian ",đơn giản,4,"Có, khá rõ ràng",5,5,Không,5,Không chắc,5,"Không cần, chỉ cần cuộn là đủ","Tên sự kiện, Ngày diễn ra, Tên kỳ thủ",Có,5,Không có kỳ vọng cụ thể,không tập trung,Không để ý,tính năng,không thấy,Không chắc,Không chắc,không có,không có,
7/18/2026 20:27:55,Thỉnh thoảng,Đã từng nghe nhưng chưa truy cập,Laptop hoặc máy tính bàn,Một tay,"Ở nhà, Trước khi ngủ, Khi đi lại hoặc chờ đợi","Tin tức mới nhất, Kết quả trận đấu, Thông tin kỳ thủ, Bảng xếp hạng",show kết quả,"Ít tab và button, hiện tại web có nhiều lựa chọn quá, điện thoại thì nhỏ nên hơi bị rối",4,"Có, khá rõ ràng",3,4,Không,4,Có,4,Thanh tìm kiếm luôn cố định ở đầu trang,"Tên sự kiện, Tên kỳ thủ, Tin mới nhất",Có,4,Không có kỳ vọng cụ thể,lú cái đầu,Có,Phần Home,Phần Schedule,Người theo dõi cờ vua thường xuyên,Có thể,"cái phần schedle nó redirect kì kì, lúc dùng tưởng có quảng cáo nhảy lên",,
7/19/2026 9:53:14,Hiếm khi hoặc chưa từng,Chưa từng nghe,"Điện thoại, Laptop hoặc máy tính bàn",Một tay,"Ở nhà, Trước khi ngủ, Khi đi lại hoặc chờ đợi, Trong giờ nghỉ ngắn, Khi đang xem một trận đấu hoặc livestream","Tin tức mới nhất, Lịch thi đấu, Kết quả trận đấu, Bảng xếp hạng, Video hoặc livestream",,,3,"Một phần, nhưng vẫn cần giải thích thêm",1,3,Có,3,Có,3,"Thanh tìm kiếm luôn cố định ở đầu trang, Phân trang, Bộ lọc theo sự kiện/ngày/kỳ thủ","Tên sự kiện, Ngày diễn ra, Tên kỳ thủ, Từ khóa, Tin mới nhất",Có,3,Video cũ tự dừng và video mới phát,,Có,,,Người theo dõi cờ vua thường xuyên,Có thể,,,Khánh
7/19/2026 10:09:45,Thỉnh thoảng,Chưa từng nghe,Điện thoại,Một tay,"Ở nhà, Khi đi lại hoặc chờ đợi","Kết quả trận đấu, Thông tin kỳ thủ, Bảng xếp hạng","Tóm tắt các thông tin quan trọng như giải nào, ai đấu với ai, kết quả",Dễ dàng truy cập các thông tin quan trọng.,4,"Có, khá rõ ràng",4,4,Không để ý,4,Có,4,"Phân trang, Bộ lọc theo sự kiện/ngày/kỳ thủ","Tên sự kiện, Tên kỳ thủ, Từ khóa",Có,4,Video cũ tự dừng và video mới phát,Tôi không thích điều này,Không để ý,Các nút bấm,Không có,Người dùng mới chưa biết nhiều về cờ vua,Có,Chưa nghĩ ra,Không,Bảo
7/19/2026 10:10:53,Thỉnh thoảng,Đã từng nghe nhưng chưa truy cập,"Điện thoại, Laptop hoặc máy tính bàn",Một tay,"Trước khi ngủ, Trong giờ nghỉ ngắn","Tin tức mới nhất, Lịch thi đấu, Kết quả trận đấu, Bảng xếp hạng, Luật chơi hoặc thể thức giải",kết quả thi đấu,,4,"Có, khá rõ ràng",4,4,Có,4,Có,4,"Phân trang, Bộ lọc theo sự kiện/ngày/kỳ thủ","Ngày diễn ra, Tên kỳ thủ",Có,4,Video cũ tự dừng và video mới phát,,Có,,,Người theo dõi cờ vua thường xuyên,Có,,,Hoài Bảo
7/19/2026 10:12:24,Thỉnh thoảng,Chưa từng nghe,"Điện thoại, Laptop hoặc máy tính bàn",Một tay,"Ở nhà, Khi đi lại hoặc chờ đợi, Trong giờ nghỉ ngắn","Tin tức mới nhất, Kết quả trận đấu, Thông tin kỳ thủ, Bảng xếp hạng",Thông tin về diễn biến quan trọng và kết quả trận đấu,"Thông tin chính được xuất hiện nổi bật m, thu hút",4,"Có, khá rõ ràng",4,4,Không,4,Có,5,"Không cần, chỉ cần cuộn là đủ","Tên sự kiện, Ngày diễn ra, Tên kỳ thủ, Từ khóa, Tin mới nhất",Có,4,Video cũ tự dừng và video mới phát,Khá là phân tâm. Dễ bị chi phối và khó có thể focus vào 1 video,Có,,,Người theo dõi cờ vua thường xuyên,Có,,,Hoài Bảo
7/19/2026 10:12:46,Chỉ theo dõi khi có giải đấu lớn,Đã từng nghe nhưng chưa truy cập,"Điện thoại, Laptop hoặc máy tính bàn, Máy tính bảng",Tùy tình huống,Trước khi ngủ,"Tin tức mới nhất, Kết quả trận đấu",Hiển thị thông tin ngắn gọn nhất,"Người dùng tự biết nên dùng như thế nào (cách sắp xếp, highlight , làm nổi các button), không cần chỉ dẫn",3,"Một phần, nhưng vẫn cần giải thích thêm",3,3,Có,3,Có,3,Thanh tìm kiếm luôn cố định ở đầu trang,Tên kỳ thủ,Có,3,Video cũ tự dừng và video mới phát,Không tốt ,Có,,,Người theo dõi cờ vua thường xuyên,Có thể,,,Lê Mai Hoài Bảo
7/19/2026 10:17:15,Rất thường xuyên,Đã từng nghe nhưng chưa truy cập,"Điện thoại, Laptop hoặc máy tính bàn",Tùy tình huống,"Ở nhà, Trước khi ngủ, Khi đi lại hoặc chờ đợi, Trong giờ nghỉ ngắn, Khi đang xem một trận đấu hoặc livestream, Khác","Tin tức mới nhất, Bảng xếp hạng, Video hoặc livestream, Luật chơi hoặc thể thức giải",Thông tin 24h,Nhanh gọn lẹ,1,"Một phần, nhưng vẫn cần giải thích thêm",1,1,Không để ý,3,Không chắc,4,"Thanh tìm kiếm luôn cố định ở đầu trang, Phân trang, Bộ lọc theo sự kiện/ngày/kỳ thủ, Gợi ý tìm kiếm khi nhập từ khóa, Không cần, chỉ cần cuộn là đủ","Ngày diễn ra, Tên kỳ thủ",Có,4,Video cũ tự dừng và video mới phát,Không tốt,Không để ý,Không rõ,Không rõ,Người đã biết website từ trước,Có thể,Cấu hình,Không,Hoaitrau
7/19/2026 10:22:29,Chỉ theo dõi khi có giải đấu lớn,Chưa từng nghe,Laptop hoặc máy tính bàn,Một tay,Khi đi lại hoặc chờ đợi,"Tin tức mới nhất, Kết quả trận đấu, Video hoặc livestream","Cập nhật kết quả, tin tức nhiều người quan tâm ",Hiện tin tức ngay trang chủ với tin hot nổi bật,2,"Không, khá khó hiểu với người mới",5,5,Không,3,Có,5,"Bộ lọc theo sự kiện/ngày/kỳ thủ, Gợi ý tìm kiếm khi nhập từ khóa",Tên sự kiện,Có,4,Video cũ tự dừng và video mới phát,Tệ,Có,Trang rating,Thẻ video ngay trang chủ không click vào,Người theo dõi cờ vua thường xuyên,Không,Các thẻ bấm được và không bấm được không nên đứng chung với nhau,"Trong phần menu, drop down lúc lật lúc không, với nhiều mục quá lười đọc. Ngoài ra các video Youtube không hiểu sao rất khó xài.",Lê Mai Hoài Bảo
7/19/2026 10:22:41,Thỉnh thoảng,Đã từng nghe nhưng chưa truy cập,Điện thoại,Một tay,Trong giờ nghỉ ngắn,Kết quả trận đấu,,,5,"Có, khá rõ ràng",5,5,Có,5,Có,5,"Thanh tìm kiếm luôn cố định ở đầu trang, Phân trang, Bộ lọc theo sự kiện/ngày/kỳ thủ, Gợi ý tìm kiếm khi nhập từ khóa, Không cần, chỉ cần cuộn là đủ","Tên sự kiện, Ngày diễn ra, Tên kỳ thủ, Từ khóa",Có,5,Video cũ tự dừng và video mới phát,,Không để ý,,,Người theo dõi cờ vua thường xuyên,Có thể,,,Hoài Bảo
7/19/2026 10:39:22,Thỉnh thoảng,Đã từng nghe nhưng chưa truy cập,Điện thoại,Hai tay,Ở nhà,"Tin tức mới nhất, Kết quả trận đấu, Thông tin kỳ thủ, Bảng xếp hạng, Video hoặc livestream",Truy cập,Không quảng cáo,3,"Có, khá rõ ràng",3,3,Có,3,Có,3,"Thanh tìm kiếm luôn cố định ở đầu trang, Gợi ý tìm kiếm khi nhập từ khóa","Tên sự kiện, Ngày diễn ra, Tên kỳ thủ, Từ khóa, Tin mới nhất",Có,3,Video cũ tự dừng và video mới phát,,Có,,,Người theo dõi cờ vua thường xuyên,Có,,,Lê Mai Hoài Bảo
7/19/2026 10:45:54,Hiếm khi hoặc chưa từng,Chưa từng nghe,"Điện thoại, Laptop hoặc máy tính bàn",Một tay,"Khi đi lại hoặc chờ đợi, Trong giờ nghỉ ngắn","Tin tức mới nhất, Thông tin kỳ thủ, Bảng xếp hạng, Luật chơi hoặc thể thức giải",Tổng hợp các thông tin nổi bật nhất theo ngày/tuần/tháng vừa qua,"Giao diện thân thiện, font chữ dễ đọc, bố cục các phần được sắp xếp logic",5,"Có, khá rõ ràng",5,4,Không để ý,5,Có,5,"Thanh tìm kiếm luôn cố định ở đầu trang, Bộ lọc theo sự kiện/ngày/kỳ thủ, Gợi ý tìm kiếm khi nhập từ khóa","Tên sự kiện, Từ khóa, Tin mới nhất",Có,5,Video cũ tự dừng và video mới phát,Sẽ bị rối vì không biết âm thanh đang phát ra từ video nào,Không để ý,"Menu gọn gàng, dễ thao tác","Ngôn ngữ có hơi informal, cảm giác như văn nói chứ không phải văn viết",Người theo dõi cờ vua thường xuyên,Có thể,"Phần pop up mở menu nên để bên tay phải, do số lượng người thuận tay phải và cầm điện thoại bằng 1 tay sẽ nhiều hơn người thuận tay trái",Mình không ,Phạm Chí Bảo Ninh
7/19/2026 10:49:12,Chỉ theo dõi khi có giải đấu lớn,Chưa từng nghe,Điện thoại,Một tay,"Ở nhà, Trước khi ngủ, Khi đi lại hoặc chờ đợi, Trong giờ nghỉ ngắn","Tin tức mới nhất, Thông tin kỳ thủ, Bảng xếp hạng",,,4,"Một phần, nhưng vẫn cần giải thích thêm",5,5,Không để ý,4,Không,4,Phân trang,Tên sự kiện,Có,4,Video mới mở thêm nhưng video cũ vẫn chạy,,,,,Người theo dõi cờ vua thường xuyên,Có thể,,,Hoài Bảo
7/19/2026 10:56:57,Thỉnh thoảng,Chưa từng nghe,Laptop hoặc máy tính bàn,Một tay,Trong giờ nghỉ ngắn,Tin tức mới nhất,,,5,"Có, khá rõ ràng",5,5,Có,5,Có,5,Phân trang,Từ khóa,Có,5,Video cũ tự dừng và video mới phát,,Có,,,Người dùng mới chưa biết nhiều về cờ vua,Có thể,,,Hoài Bảo
7/19/2026 12:26:38,Thỉnh thoảng,Đã từng nghe và từng truy cập,Điện thoại,Hai tay,Ở nhà,Kết quả trận đấu,,,4,"Có, khá rõ ràng",3,3,Có,3,Có,3,Thanh tìm kiếm luôn cố định ở đầu trang,Tên sự kiện,Có,3,Video mới mở thêm nhưng video cũ vẫn chạy,,Có,,,Người dùng mới chưa biết nhiều về cờ vua,Không,,,Lê Mai Hoài Bảo
7/19/2026 12:54:14,Thỉnh thoảng,Đã từng nghe và từng truy cập,Điện thoại,Hai tay,"Ở nhà, Trước khi ngủ, Khi đi lại hoặc chờ đợi, Trong giờ nghỉ ngắn","Kết quả trận đấu, Thông tin kỳ thủ, Bảng xếp hạng",,,5,"Một phần, nhưng vẫn cần giải thích thêm",5,5,Có,5,Có,5,"Thanh tìm kiếm luôn cố định ở đầu trang, Phân trang","Tên sự kiện, Ngày diễn ra, Tên kỳ thủ, Từ khóa",Có,5,Video mới mở thêm nhưng video cũ vẫn chạy,,Có,,,Người theo dõi cờ vua thường xuyên,Có,,,Bạn bè
7/19/2026 19:07:48,Hiếm khi hoặc chưa từng,Chưa từng nghe,Điện thoại,Một tay,"Ở nhà, Trong giờ nghỉ ngắn","Tin tức mới nhất, Kết quả trận đấu, Video hoặc livestream","Kết quả trận đấu, Tin tức mới nhất",Sự thuận lợi cũng như đa dụng,4,"Có, khá rõ ràng",5,4,Không,4,Có,3,"Bộ lọc theo sự kiện/ngày/kỳ thủ, Gợi ý tìm kiếm khi nhập từ khóa","Tên kỳ thủ, Từ khóa",Chưa từng thử,4,Video cũ tự dừng và video mới phát,Khá tệ,Không để ý,Thanh công cụ,Video đang phát phải ngưng để mở video khác,Người theo dõi cờ vua thường xuyên,Có thể,,Không,Ngọc Tuấn
7/19/2026 19:40:56,Hiếm khi hoặc chưa từng,Chưa từng nghe,Điện thoại,Tùy tình huống,"Ở nhà, Trước khi ngủ, Trong giờ nghỉ ngắn","Tin tức mới nhất, Kết quả trận đấu","Xem thông tin về giải đấu, kết quả và tỉ số","Có UI rõ ràng, không cramp chữ, bố cục đơn giản",3,"Một phần, nhưng vẫn cần giải thích thêm",3,4,Có,4,Không chắc,5,"Thanh tìm kiếm luôn cố định ở đầu trang, Phân trang, Gợi ý tìm kiếm khi nhập từ khóa","Tên sự kiện, Tin mới nhất",Có,4,Video cũ tự dừng và video mới phát,"Tệ, âm thanh bị lẫn lộn",Không,"Bảng xếp hạng, tin tức","Trang chủ chính (dễ lỗi), trang điều hướng (masterclass dropdown xuống mục login?)",Người theo dõi cờ vua thường xuyên,Không,Tại trang chủ phần đầu trang chỉ nên reserve cho các buổi live đang diễn ra thay vì luôn phát các video trước.,-,Bảo Ninh
7/19/2026 19:49:20,Chỉ theo dõi khi có giải đấu lớn,Chưa từng nghe,"Điện thoại, Laptop hoặc máy tính bàn",Tùy tình huống,"Ở nhà, Trước khi ngủ, Trong giờ nghỉ ngắn, Khi đang xem một trận đấu hoặc livestream","Lịch thi đấu, Kết quả trận đấu, Thông tin kỳ thủ, Bảng xếp hạng, Luật chơi hoặc thể thức giải","Search thông tin mới nhanh và dễ dàng mà không yêu cầu quá nhiều thao tác cuộn, lướt hay ấn vào màn hình điện thoại","Menu điều hướng chứa đầy đủ các mục (ví dụ đối với web cờ vua thì chứa các mục như thông tin giải đấu, lịch đấu, kết quả,…), không yêu cầu nhiều thao tác, người dùng điện thoại có thể truy cập nhanh vào các mục để search thông tin cần thiết",4,"Có, khá rõ ràng",4,4,Có,4,Không,4,"Thanh tìm kiếm luôn cố định ở đầu trang, Bộ lọc theo sự kiện/ngày/kỳ thủ, Gợi ý tìm kiếm khi nhập từ khóa","Tên sự kiện, Ngày diễn ra, Tên kỳ thủ",Có,4,Video cũ tự dừng và video mới phát,Tệ,Có,"Menu điều hướng dễ tìm, khá đầy đủ các mục, thông tin",Không có,Không chắc,Có thể,,,Phùng Ngọc Tuấn
7/20/2026 11:02:54,Hiếm khi hoặc chưa từng,Chưa từng nghe,Điện thoại,Hai tay,Ở nhà,Thông tin kỳ thủ,trả lời câu hỏi,không biết,5,Không chắc,5,5,Không để ý,3,Không chắc,4,"Không cần, chỉ cần cuộn là đủ",Tin mới nhất,Chưa từng thử,5,Không có kỳ vọng cụ thể,ít khi xem,Không để ý,không biết ,không biết ,Không chắc,Không chắc,không biết ,không ,bạn
7/20/2026 14:08:54,Hiếm khi hoặc chưa từng,Chưa từng nghe,Điện thoại,Tùy tình huống,"Ở nhà, Trước khi ngủ, Khi đi lại hoặc chờ đợi, Trong giờ nghỉ ngắn","Kết quả trận đấu, Bảng xếp hạng",Tóm tắt kết quả đấu,Các nút sử dụng nhiều nên được đặt ở vị trí nổi bật,3,"Một phần, nhưng vẫn cần giải thích thêm",4,4,Không,4,Có,3,"Thanh tìm kiếm luôn cố định ở đầu trang, Phân trang, Gợi ý tìm kiếm khi nhập từ khóa","Tên sự kiện, Ngày diễn ra, Tên kỳ thủ, Từ khóa",Có,4,Video cũ tự dừng và video mới phát,"Không ổn, và sợ lag",Không để ý,Chuyển tab khá rõ ràng,Cỡ chữ to,Người đã biết website từ trước,Có thể,Những card thông tin cần chiếm ít không gian lại để nhìn được đa dạng nội dung hơn,"Ngoài ảnh và câu chữ thì tin tức nên có thêm biểu đồ/đồ thị, và dịch thuật",Trương Công Thiên Phú
7/20/2026 14:11:09,Rất thường xuyên,Đã từng nghe và từng truy cập,Laptop hoặc máy tính bàn,Hai tay,Khi đi lại hoặc chờ đợi,"Kết quả trận đấu, Luật chơi hoặc thể thức giải",xem nhanh tin mới ngay ở đầu trang.,menu dễ thấy giúp mình đọc nhanh hơn.,5,"Không, khá khó hiểu với người mới",4,4,Không để ý,4,Không,4,Bộ lọc theo sự kiện/ngày/kỳ thủ,Tên sự kiện,Không,4,Video cũ tự dừng và video mới phát,mình sẽ thấy khá rối nhất là khi đang dùng tai nghe.,Có,phần tin tức mới khá dễ nhận ra ngay khi mở trang.,menu mobile chưa đủ rõ nên đôi lúc phải thử bấm.,Người chỉ xem khi có giải lớn,Có,thêm thanh tìm kiếm cố định để xem nhanh trên điện thoại.,nhóm nên thử thêm trên nhiều kích thước màn hình để tránh lỗi bố cục trên điện thoại nhỏ.,Hữu Khánh
7/20/2026 14:11:12,Thỉnh thoảng,Đã từng nghe nhưng chưa truy cập,Laptop hoặc máy tính bàn,Tùy tình huống,Khi đang xem một trận đấu hoặc livestream,"Luật chơi hoặc thể thức giải, Video hoặc livestream, Thông tin kỳ thủ",Mình muốn biết lịch trận sắp tới ngay ở đầu trang.,Mình muốn chữ đủ lớn giúp mình đọc nhanh hơn.,4,"Không, khá khó hiểu với người mới",4,3,Có,4,Không chắc,3,Bộ lọc theo sự kiện/ngày/kỳ thủ,Tên sự kiện,Có,4,Không có kỳ vọng cụ thể,Mình muốn âm thanh chồng lên nhau sẽ khó chịu nhất là khi đang dùng tai nghe.,Không để ý,Mình muốn mục lịch thi đấu khá dễ nhận ra ngay khi mở trang.,Mình muốn danh sách thông tin dài chưa đủ rõ nên đôi lúc phải thử bấm.,Người theo dõi cờ vua thường xuyên,Có thể,Mình muốn làm menu dễ chạm hơn để xem nhanh trên điện thoại.,Mình muốn nên ưu tiên thao tác nhanh để tránh lỗi bố cục trên điện thoại nhỏ.,Khánh
7/20/2026 14:11:14,Chỉ theo dõi khi có giải đấu lớn,Chưa từng nghe,Điện thoại,Tùy tình huống,Trong giờ nghỉ ngắn,"Kết quả trận đấu, Bảng xếp hạng","Theo mình, nên kiểm tra kết quả vừa cập nhật ngay ở đầu trang.","Theo mình, nên nút bấm rộng giúp mình đọc nhanh hơn.",3,"Có, khá rõ ràng",3,3,Không,4,Không,3,"Không cần, chỉ cần cuộn là đủ",Tên kỳ thủ,Có,3,Video cũ tự dừng và video mới phát,"Theo mình, nên mình khó biết video nào đang phát nhất là khi đang dùng tai nghe.",Có,"Theo mình, nên các tiêu đề bài viết khá dễ nhận ra ngay khi mở trang.","Theo mình, nên khu vực video chưa đủ rõ nên đôi lúc phải thử bấm.",Người chỉ xem khi có giải lớn,Có thể,"Theo mình, nên bổ sung icon cho các mục chính để xem nhanh trên điện thoại.","Theo mình, nên có thể thêm hướng dẫn ngắn cho người mới để tránh lỗi bố cục trên điện thoại nhỏ.",Một người bạn tên Khánh
7/20/2026 14:11:16,Hiếm khi hoặc chưa từng,Chưa từng nghe,Điện thoại,Tùy tình huống,Trong giờ nghỉ ngắn,"Luật chơi hoặc thể thức giải, Kết quả trận đấu",Quan trọng nhất là mở nhanh livestream đang nổi bật ngay ở đầu trang.,Quan trọng nhất là bố cục chia nhóm rõ giúp mình đọc nhanh hơn.,2,"Không, khá khó hiểu với người mới",3,2,Có,5,Có,2,Bộ lọc theo sự kiện/ngày/kỳ thủ,Tên kỳ thủ,Chưa từng thử,2,Không có kỳ vọng cụ thể,Quan trọng nhất là trải nghiệm sẽ bị mất tập trung nhất là khi đang dùng tai nghe.,Có,Quan trọng nhất là trang chủ khá dễ nhận ra ngay khi mở trang.,Quan trọng nhất là một số thẻ nội dung chưa đủ rõ nên đôi lúc phải thử bấm.,Không chắc,Không chắc,Quan trọng nhất là đưa lịch đấu lên vị trí dễ thấy để xem nhanh trên điện thoại.,Quan trọng nhất là nên làm phần tìm kiếm mạnh hơn để tránh lỗi bố cục trên điện thoại nhỏ.,Một người bạn tên Khánh
7/20/2026 14:11:19,Thỉnh thoảng,Đã từng nghe nhưng chưa truy cập,Máy tính bảng,Một tay,Khi đang xem một trận đấu hoặc livestream,"Luật chơi hoặc thể thức giải, Thông tin kỳ thủ, Kết quả trận đấu",Mình thấy cần tìm ngay tên kỳ thủ mình quan tâm ngay ở đầu trang.,Mình thấy cần thanh tìm kiếm dễ gặp giúp mình đọc nhanh hơn.,4,Không chắc,5,4,Không,3,Không,3,Thanh tìm kiếm luôn cố định ở đầu trang,Từ khóa,Có,3,Không có kỳ vọng cụ thể,Mình thấy cần mình có xu hướng thoát khỏi trang nhất là khi đang dùng tai nghe.,Không,Mình thấy cần khu vực nội dung nổi bật khá dễ nhận ra ngay khi mở trang.,Mình thấy cần phần tìm kiếm chưa đủ rõ nên đôi lúc phải thử bấm.,Người đã biết website từ trước,Có thể,Mình thấy cần cải thiện khu vực video để xem nhanh trên điện thoại.,Mình thấy cần giao diện nhìn chung ổn để tránh lỗi bố cục trên điện thoại nhỏ.,Hữu Khánh
7/20/2026 14:11:21,Rất thường xuyên,Đã từng nghe và từng truy cập,Laptop hoặc máy tính bàn,Tùy tình huống,Ở nhà,"Bảng xếp hạng, Video hoặc livestream, Thông tin kỳ thủ",nắm những điểm chính trong ngày ngay ở đầu trang.,tốc độ tải ổn giúp mình đọc nhanh hơn.,5,"Không, khá khó hiểu với người mới",4,4,Có,3,Không,4,Gợi ý tìm kiếm khi nhập từ khóa,Từ khóa,Chưa từng thử,4,Website hỏi tôi muốn dừng video cũ không,cảm giác kiểm soát nội dung bị giảm nhất là khi đang dùng tai nghe.,Không để ý,các mục điều hướng chính khá dễ nhận ra ngay khi mở trang.,bảng xếp hạng chưa đủ rõ nên đôi lúc phải thử bấm.,Người đã biết website từ trước,Có,thêm bộ lọc theo kỳ thủ và ngày để xem nhanh trên điện thoại.,nên kiểm tra kỹ khu vực video để tránh lỗi bố cục trên điện thoại nhỏ.,Hữu Khánh
7/20/2026 14:11:23,Thỉnh thoảng,Đã từng nghe nhưng chưa truy cập,Máy tính bảng,Tùy tình huống,Trước khi ngủ,"Bảng xếp hạng, Thông tin kỳ thủ, Kết quả trận đấu",Mình muốn so sánh nhanh lịch đấu và kết quả ngay ở đầu trang.,Mình muốn tiêu đề ngắn gọn giúp mình đọc nhanh hơn.,4,"Một phần, nhưng vẫn cần giải thích thêm",4,3,Không để ý,3,Không,3,Bộ lọc theo sự kiện/ngày/kỳ thủ,Ngày diễn ra,Không,4,Video cũ tự dừng và video mới phát,Mình muốn điện thoại dễ bị lag hoặc nóng hơn nhất là khi đang dùng tai nghe.,Không để ý,Mình muốn phần video khá dễ nhận ra ngay khi mở trang.,Mình muốn trang chủ dành cho người mới chưa đủ rõ nên đôi lúc phải thử bấm.,Người chỉ xem khi có giải lớn,Có thể,Mình muốn làm rõ trạng thái bấm được để xem nhanh trên điện thoại.,Mình muốn có thể thêm icon và nhãn rõ hơn để tránh lỗi bố cục trên điện thoại nhỏ.,Bạn trong nhóm Khánh
7/20/2026 14:11:25,Chỉ theo dõi khi có giải đấu lớn,Chưa từng nghe,Laptop hoặc máy tính bàn,Tùy tình huống,Trong giờ nghỉ ngắn,"Video hoặc livestream, Kết quả trận đấu, Thông tin kỳ thủ","Theo mình, nên xem bảng xếp hạng mới nhất ngay ở đầu trang.","Theo mình, nên bộ lọc đặt đúng chỗ giúp mình đọc nhanh hơn.",3,Không chắc,3,3,Không để ý,3,Có,3,Phân trang,Tên sự kiện,Có,3,Video cũ tự dừng và video mới phát,"Theo mình, nên mình sẽ phải tắt từng video thủ công nhất là khi đang dùng tai nghe.",Không để ý,"Theo mình, nên bảng xếp hạng khá dễ nhận ra ngay khi mở trang.","Theo mình, nên các nút điều hướng chưa đủ rõ nên đôi lúc phải thử bấm.",Người chỉ xem khi có giải lớn,Có thể,"Theo mình, nên rút gọn thông tin ở trang chủ để xem nhanh trên điện thoại.","Theo mình, nên nên gom thông tin theo nhu cầu chính để tránh lỗi bố cục trên điện thoại nhỏ.",Bạn Khánh gửi
7/20/2026 14:11:28,Hiếm khi hoặc chưa từng,Chưa từng nghe,Máy tính bảng,Tùy tình huống,Khi đang xem một trận đấu hoặc livestream,"Luật chơi hoặc thể thức giải, Tin tức mới nhất, Thông tin kỳ thủ, Lịch thi đấu",Quan trọng nhất là xem nhanh tin mới mà không phải cuộn quá lâu.,Quan trọng nhất là menu dễ thấy và ít bị bấm nhầm.,2,Không chắc,3,2,Không,4,Có,2,Bộ lọc theo sự kiện/ngày/kỳ thủ,Từ khóa,Có,2,Video cũ tự dừng và video mới phát,Quan trọng nhất là mình sẽ thấy khá rối vì màn hình điện thoại vốn đã nhỏ.,Không,Quan trọng nhất là phần tin tức mới giúp mình hiểu nhanh website có gì.,Quan trọng nhất là menu mobile làm mình phải cuộn hơi nhiều.,Người đã biết website từ trước,Không chắc,Quan trọng nhất là thêm thanh tìm kiếm cố định khi người dùng cầm máy bằng một tay.,Quan trọng nhất là nhóm nên thử thêm trên nhiều kích thước màn hình vì người xem giải thường chỉ lướt rất nhanh.,Bạn trong nhóm Khánh
7/20/2026 14:11:31,Thỉnh thoảng,Đã từng nghe nhưng chưa truy cập,Điện thoại,Hai tay,Ở nhà,"Thông tin kỳ thủ, Kết quả trận đấu, Tin tức mới nhất, Video hoặc livestream",Mình thấy cần biết lịch trận sắp tới mà không phải cuộn quá lâu.,Mình thấy cần chữ đủ lớn và ít bị bấm nhầm.,4,"Có, khá rõ ràng",5,4,Không để ý,3,Không chắc,3,Phân trang,Tin mới nhất,Có,3,Website hỏi tôi muốn dừng video cũ không,Mình thấy cần âm thanh chồng lên nhau sẽ khó chịu vì màn hình điện thoại vốn đã nhỏ.,Không,Mình thấy cần mục lịch thi đấu giúp mình hiểu nhanh website có gì.,Mình thấy cần danh sách thông tin dài làm mình phải cuộn hơi nhiều.,Không chắc,Có thể,Mình thấy cần làm menu dễ chạm hơn khi người dùng cầm máy bằng một tay.,Mình thấy cần nên ưu tiên thao tác nhanh vì người xem giải thường chỉ lướt rất nhanh.,Một người bạn tên Khánh
7/20/2026 14:11:33,Rất thường xuyên,Đã từng nghe và từng truy cập,Laptop hoặc máy tính bàn,Tùy tình huống,Khi đi lại hoặc chờ đợi,"Luật chơi hoặc thể thức giải, Kết quả trận đấu",kiểm tra kết quả vừa cập nhật mà không phải cuộn quá lâu.,nút bấm rộng và ít bị bấm nhầm.,5,"Một phần, nhưng vẫn cần giải thích thêm",4,4,Không,4,Không,4,Gợi ý tìm kiếm khi nhập từ khóa,Tên kỳ thủ,Không,4,Không có kỳ vọng cụ thể,mình khó biết video nào đang phát vì màn hình điện thoại vốn đã nhỏ.,Không để ý,các tiêu đề bài viết giúp mình hiểu nhanh website có gì.,khu vực video làm mình phải cuộn hơi nhiều.,Người theo dõi cờ vua thường xuyên,Có,bổ sung icon cho các mục chính khi người dùng cầm máy bằng một tay.,có thể thêm hướng dẫn ngắn cho người mới vì người xem giải thường chỉ lướt rất nhanh.,Bạn Khánh gửi
7/20/2026 14:11:35,Thỉnh thoảng,Đã từng nghe nhưng chưa truy cập,Máy tính bảng,Một tay,Khi đang xem một trận đấu hoặc livestream,"Video hoặc livestream, Lịch thi đấu, Kết quả trận đấu",Mình muốn mở nhanh livestream đang nổi bật mà không phải cuộn quá lâu.,Mình muốn bố cục chia nhóm rõ và ít bị bấm nhầm.,4,"Một phần, nhưng vẫn cần giải thích thêm",4,3,Không để ý,3,Không chắc,3,Gợi ý tìm kiếm khi nhập từ khóa,Tin mới nhất,Chưa từng thử,4,Video cũ tự dừng và video mới phát,Mình muốn trải nghiệm sẽ bị mất tập trung vì màn hình điện thoại vốn đã nhỏ.,Có,Mình muốn trang chủ giúp mình hiểu nhanh website có gì.,Mình muốn một số thẻ nội dung làm mình phải cuộn hơi nhiều.,Người dùng mới chưa biết nhiều về cờ vua,Có thể,Mình muốn đưa lịch đấu lên vị trí dễ thấy khi người dùng cầm máy bằng một tay.,Mình muốn nên làm phần tìm kiếm mạnh hơn vì người xem giải thường chỉ lướt rất nhanh.,Khánh bên lớp gửi
7/20/2026 14:11:38,Chỉ theo dõi khi có giải đấu lớn,Chưa từng nghe,Laptop hoặc máy tính bàn,Một tay,Ở nhà,"Video hoặc livestream, Bảng xếp hạng","Theo mình, nên tìm ngay tên kỳ thủ mình quan tâm mà không phải cuộn quá lâu.","Theo mình, nên thanh tìm kiếm dễ gặp và ít bị bấm nhầm.",3,"Không, khá khó hiểu với người mới",3,3,Có,4,Không chắc,3,Thanh tìm kiếm luôn cố định ở đầu trang,Tin mới nhất,Chưa từng thử,3,Website hỏi tôi muốn dừng video cũ không,"Theo mình, nên mình có xu hướng thoát khỏi trang vì màn hình điện thoại vốn đã nhỏ.",Có,"Theo mình, nên khu vực nội dung nổi bật giúp mình hiểu nhanh website có gì.","Theo mình, nên phần tìm kiếm làm mình phải cuộn hơi nhiều.",Người theo dõi cờ vua thường xuyên,Có thể,"Theo mình, nên cải thiện khu vực video khi người dùng cầm máy bằng một tay.","Theo mình, nên giao diện nhìn chung ổn vì người xem giải thường chỉ lướt rất nhanh.",Bạn Khánh gửi
7/20/2026 14:11:40,Hiếm khi hoặc chưa từng,Chưa từng nghe,Laptop hoặc máy tính bàn,Tùy tình huống,Khi đang xem một trận đấu hoặc livestream,"Thông tin kỳ thủ, Lịch thi đấu, Kết quả trận đấu, Video hoặc livestream",Quan trọng nhất là nắm những điểm chính trong ngày mà không phải cuộn quá lâu.,Quan trọng nhất là tốc độ tải ổn và ít bị bấm nhầm.,2,"Có, khá rõ ràng",3,2,Không,3,Không chắc,2,Bộ lọc theo sự kiện/ngày/kỳ thủ,Tên sự kiện,Có,2,Video cũ tự dừng và video mới phát,Quan trọng nhất là cảm giác kiểm soát nội dung bị giảm vì màn hình điện thoại vốn đã nhỏ.,Có,Quan trọng nhất là các mục điều hướng chính giúp mình hiểu nhanh website có gì.,Quan trọng nhất là bảng xếp hạng làm mình phải cuộn hơi nhiều.,Người chỉ xem khi có giải lớn,Không chắc,Quan trọng nhất là thêm bộ lọc theo kỳ thủ và ngày khi người dùng cầm máy bằng một tay.,Quan trọng nhất là nên kiểm tra kỹ khu vực video vì người xem giải thường chỉ lướt rất nhanh.,Lâm Hữu Khánh gửi
7/20/2026 14:11:42,Thỉnh thoảng,Đã từng nghe nhưng chưa truy cập,Điện thoại,Một tay,Khi đi lại hoặc chờ đợi,"Bảng xếp hạng, Tin tức mới nhất",Mình thấy cần so sánh nhanh lịch đấu và kết quả mà không phải cuộn quá lâu.,Mình thấy cần tiêu đề ngắn gọn và ít bị bấm nhầm.,4,"Không, khá khó hiểu với người mới",5,4,Có,3,Không chắc,3,"Không cần, chỉ cần cuộn là đủ",Tên sự kiện,Không,3,Không có kỳ vọng cụ thể,Mình thấy cần điện thoại dễ bị lag hoặc nóng hơn vì màn hình điện thoại vốn đã nhỏ.,Không để ý,Mình thấy cần phần video giúp mình hiểu nhanh website có gì.,Mình thấy cần trang chủ dành cho người mới làm mình phải cuộn hơi nhiều.,Người chỉ xem khi có giải lớn,Có thể,Mình thấy cần làm rõ trạng thái bấm được khi người dùng cầm máy bằng một tay.,Mình thấy cần có thể thêm icon và nhãn rõ hơn vì người xem giải thường chỉ lướt rất nhanh.,Khánh Lâm
7/20/2026 14:11:44,Rất thường xuyên,Đã từng nghe và từng truy cập,Máy tính bảng,Một tay,Khi đang xem một trận đấu hoặc livestream,"Tin tức mới nhất, Video hoặc livestream",xem bảng xếp hạng mới nhất mà không phải cuộn quá lâu.,bộ lọc đặt đúng chỗ và ít bị bấm nhầm.,5,"Không, khá khó hiểu với người mới",4,4,Có,4,Không,4,Phân trang,Ngày diễn ra,Không,4,Website hỏi tôi muốn dừng video cũ không,mình sẽ phải tắt từng video thủ công vì màn hình điện thoại vốn đã nhỏ.,Có,bảng xếp hạng giúp mình hiểu nhanh website có gì.,các nút điều hướng làm mình phải cuộn hơi nhiều.,Người đã biết website từ trước,Có,rút gọn thông tin ở trang chủ khi người dùng cầm máy bằng một tay.,nên gom thông tin theo nhu cầu chính vì người xem giải thường chỉ lướt rất nhanh.,Khánh
7/20/2026 14:11:46,Thỉnh thoảng,Đã từng nghe nhưng chưa truy cập,Laptop hoặc máy tính bàn,Tùy tình huống,Trước khi ngủ,"Kết quả trận đấu, Thông tin kỳ thủ, Video hoặc livestream",Mình muốn xem nhanh tin mới chỉ trong vài thao tác.,Mình muốn menu dễ thấy khi dùng bằng một tay.,4,"Một phần, nhưng vẫn cần giải thích thêm",4,3,Không để ý,4,Có,3,"Không cần, chỉ cần cuộn là đủ",Tin mới nhất,Không,4,Website hỏi tôi muốn dừng video cũ không,Mình muốn mình sẽ thấy khá rối nếu không có nút dừng rõ ràng.,Không,Mình muốn phần tin tức mới vì thông tin được đặt tương đối rõ.,Mình muốn menu mobile cần trạng thái phát và dừng dễ hiểu hơn.,Không chắc,Có thể,Mình muốn thêm thanh tìm kiếm cố định giúp nhận biết mục nhanh hơn.,Mình muốn nhóm nên thử thêm trên nhiều kích thước màn hình trước khi họ đọc tin hoặc xem lịch đấu.,Lâm Hữu Khánh gửi
7/20/2026 14:11:48,Chỉ theo dõi khi có giải đấu lớn,Chưa từng nghe,Điện thoại,Hai tay,Trước khi ngủ,"Bảng xếp hạng, Thông tin kỳ thủ, Video hoặc livestream","Theo mình, nên biết lịch trận sắp tới chỉ trong vài thao tác.","Theo mình, nên chữ đủ lớn khi dùng bằng một tay.",3,Không chắc,3,3,Có,4,Không chắc,3,Bộ lọc theo sự kiện/ngày/kỳ thủ,Ngày diễn ra,Chưa từng thử,3,Website hỏi tôi muốn dừng video cũ không,"Theo mình, nên âm thanh chồng lên nhau sẽ khó chịu nếu không có nút dừng rõ ràng.",Không để ý,"Theo mình, nên mục lịch thi đấu vì thông tin được đặt tương đối rõ.","Theo mình, nên danh sách thông tin dài cần trạng thái phát và dừng dễ hiểu hơn.",Người dùng mới chưa biết nhiều về cờ vua,Có thể,"Theo mình, nên làm menu dễ chạm hơn giúp nhận biết mục nhanh hơn.","Theo mình, nên nên ưu tiên thao tác nhanh trước khi họ đọc tin hoặc xem lịch đấu.",Bạn trong nhóm Khánh
7/20/2026 14:11:50,Hiếm khi hoặc chưa từng,Chưa từng nghe,Laptop hoặc máy tính bàn,Một tay,Trong giờ nghỉ ngắn,"Tin tức mới nhất, Kết quả trận đấu, Bảng xếp hạng",Quan trọng nhất là kiểm tra kết quả vừa cập nhật chỉ trong vài thao tác.,Quan trọng nhất là nút bấm rộng khi dùng bằng một tay.,2,Không chắc,3,2,Không để ý,4,Không chắc,2,Phân trang,Ngày diễn ra,Không,2,Website hỏi tôi muốn dừng video cũ không,Quan trọng nhất là mình khó biết video nào đang phát nếu không có nút dừng rõ ràng.,Không để ý,Quan trọng nhất là các tiêu đề bài viết vì thông tin được đặt tương đối rõ.,Quan trọng nhất là khu vực video cần trạng thái phát và dừng dễ hiểu hơn.,Người dùng mới chưa biết nhiều về cờ vua,Không chắc,Quan trọng nhất là bổ sung icon cho các mục chính giúp nhận biết mục nhanh hơn.,Quan trọng nhất là có thể thêm hướng dẫn ngắn cho người mới trước khi họ đọc tin hoặc xem lịch đấu.,Bạn Khánh gửi
7/20/2026 14:11:53,Thỉnh thoảng,Đã từng nghe nhưng chưa truy cập,Máy tính bảng,Một tay,Khi đi lại hoặc chờ đợi,"Lịch thi đấu, Kết quả trận đấu, Tin tức mới nhất",Mình thấy cần mở nhanh livestream đang nổi bật chỉ trong vài thao tác.,Mình thấy cần bố cục chia nhóm rõ khi dùng bằng một tay.,4,"Không, khá khó hiểu với người mới",5,4,Có,3,Có,3,Phân trang,Tên sự kiện,Không,3,Website hỏi tôi muốn dừng video cũ không,Mình thấy cần trải nghiệm sẽ bị mất tập trung nếu không có nút dừng rõ ràng.,Có,Mình thấy cần trang chủ vì thông tin được đặt tương đối rõ.,Mình thấy cần một số thẻ nội dung cần trạng thái phát và dừng dễ hiểu hơn.,Người dùng mới chưa biết nhiều về cờ vua,Có thể,Mình thấy cần đưa lịch đấu lên vị trí dễ thấy giúp nhận biết mục nhanh hơn.,Mình thấy cần nên làm phần tìm kiếm mạnh hơn trước khi họ đọc tin hoặc xem lịch đấu.,Bạn trong nhóm Khánh
7/20/2026 14:11:55,Rất thường xuyên,Đã từng nghe và từng truy cập,Laptop hoặc máy tính bàn,Một tay,Trong giờ nghỉ ngắn,"Video hoặc livestream, Thông tin kỳ thủ, Bảng xếp hạng",tìm ngay tên kỳ thủ mình quan tâm chỉ trong vài thao tác.,thanh tìm kiếm dễ gặp khi dùng bằng một tay.,5,"Một phần, nhưng vẫn cần giải thích thêm",4,4,Không,3,Không chắc,4,Thanh tìm kiếm luôn cố định ở đầu trang,Từ khóa,Có,4,Không có kỳ vọng cụ thể,mình có xu hướng thoát khỏi trang nếu không có nút dừng rõ ràng.,Có,khu vực nội dung nổi bật vì thông tin được đặt tương đối rõ.,phần tìm kiếm cần trạng thái phát và dừng dễ hiểu hơn.,Người đã biết website từ trước,Có,cải thiện khu vực video giúp nhận biết mục nhanh hơn.,giao diện nhìn chung ổn trước khi họ đọc tin hoặc xem lịch đấu.,Khánh
7/20/2026 14:11:57,Thỉnh thoảng,Đã từng nghe nhưng chưa truy cập,Laptop hoặc máy tính bàn,Hai tay,Trước khi ngủ,"Kết quả trận đấu, Lịch thi đấu",Mình muốn nắm những điểm chính trong ngày chỉ trong vài thao tác.,Mình muốn tốc độ tải ổn khi dùng bằng một tay.,4,"Không, khá khó hiểu với người mới",4,3,Không để ý,4,Không chắc,3,"Không cần, chỉ cần cuộn là đủ",Tin mới nhất,Chưa từng thử,4,Video cũ tự dừng và video mới phát,Mình muốn cảm giác kiểm soát nội dung bị giảm nếu không có nút dừng rõ ràng.,Không,Mình muốn các mục điều hướng chính vì thông tin được đặt tương đối rõ.,Mình muốn bảng xếp hạng cần trạng thái phát và dừng dễ hiểu hơn.,Người đã biết website từ trước,Có thể,Mình muốn thêm bộ lọc theo kỳ thủ và ngày giúp nhận biết mục nhanh hơn.,Mình muốn nên kiểm tra kỹ khu vực video trước khi họ đọc tin hoặc xem lịch đấu.,Hữu Khánh
7/20/2026 14:11:59,Chỉ theo dõi khi có giải đấu lớn,Chưa từng nghe,Điện thoại,Một tay,Ở nhà,"Video hoặc livestream, Luật chơi hoặc thể thức giải, Kết quả trận đấu, Tin tức mới nhất","Theo mình, nên so sánh nhanh lịch đấu và kết quả chỉ trong vài thao tác.","Theo mình, nên tiêu đề ngắn gọn khi dùng bằng một tay.",3,"Có, khá rõ ràng",3,3,Không để ý,4,Không chắc,3,Thanh tìm kiếm luôn cố định ở đầu trang,Tên kỳ thủ,Chưa từng thử,3,Không có kỳ vọng cụ thể,"Theo mình, nên điện thoại dễ bị lag hoặc nóng hơn nếu không có nút dừng rõ ràng.",Không để ý,"Theo mình, nên phần video vì thông tin được đặt tương đối rõ.","Theo mình, nên trang chủ dành cho người mới cần trạng thái phát và dừng dễ hiểu hơn.",Người đã biết website từ trước,Có thể,"Theo mình, nên làm rõ trạng thái bấm được giúp nhận biết mục nhanh hơn.","Theo mình, nên có thể thêm icon và nhãn rõ hơn trước khi họ đọc tin hoặc xem lịch đấu.",Khánh Lâm
7/20/2026 14:12:01,Hiếm khi hoặc chưa từng,Chưa từng nghe,Điện thoại,Hai tay,Khi đi lại hoặc chờ đợi,"Lịch thi đấu, Tin tức mới nhất, Kết quả trận đấu, Thông tin kỳ thủ",Quan trọng nhất là xem bảng xếp hạng mới nhất chỉ trong vài thao tác.,Quan trọng nhất là bộ lọc đặt đúng chỗ khi dùng bằng một tay.,2,"Một phần, nhưng vẫn cần giải thích thêm",3,2,Có,5,Không chắc,2,Phân trang,Tên sự kiện,Không,2,Không có kỳ vọng cụ thể,Quan trọng nhất là mình sẽ phải tắt từng video thủ công nếu không có nút dừng rõ ràng.,Không để ý,Quan trọng nhất là bảng xếp hạng vì thông tin được đặt tương đối rõ.,Quan trọng nhất là các nút điều hướng cần trạng thái phát và dừng dễ hiểu hơn.,Người dùng mới chưa biết nhiều về cờ vua,Không chắc,Quan trọng nhất là rút gọn thông tin ở trang chủ giúp nhận biết mục nhanh hơn.,Quan trọng nhất là nên gom thông tin theo nhu cầu chính trước khi họ đọc tin hoặc xem lịch đấu.,Khánh bên lớp gửi
7/20/2026 14:12:04,Thỉnh thoảng,Đã từng nghe nhưng chưa truy cập,Máy tính bảng,Tùy tình huống,Khi đi lại hoặc chờ đợi,"Kết quả trận đấu, Tin tức mới nhất, Thông tin kỳ thủ",Mình thấy cần xem nhanh tin mới với thông tin được sắp xếp rõ.,Mình thấy cần menu dễ thấy nên không phải đoán mục nào nằm ở đâu.,4,"Một phần, nhưng vẫn cần giải thích thêm",5,4,Có,5,Có,3,Bộ lọc theo sự kiện/ngày/kỳ thủ,Tên kỳ thủ,Chưa từng thử,3,Website hỏi tôi muốn dừng video cũ không,Mình thấy cần mình sẽ thấy khá rối khi chỉ muốn xem một nội dung chính.,Không,Mình thấy cần phần tin tức mới nên mình không mất nhiều thời gian tìm.,Mình thấy cần menu mobile chưa cho biết chắc có bấm được hay không.,Không chắc,Có thể,Mình thấy cần thêm thanh tìm kiếm cố định vì nhiều người vào để xem lịch và kết quả.,Mình thấy cần nhóm nên thử thêm trên nhiều kích thước màn hình nhất là với sự kiện và tên kỳ thủ.,Lâm Hữu Khánh gửi
7/20/2026 14:12:06,Rất thường xuyên,Đã từng nghe và từng truy cập,Máy tính bảng,Một tay,Khi đang xem một trận đấu hoặc livestream,"Tin tức mới nhất, Luật chơi hoặc thể thức giải, Kết quả trận đấu, Lịch thi đấu",biết lịch trận sắp tới với thông tin được sắp xếp rõ.,chữ đủ lớn nên không phải đoán mục nào nằm ở đâu.,5,"Có, khá rõ ràng",4,4,Không để ý,3,Có,4,"Không cần, chỉ cần cuộn là đủ",Tin mới nhất,Chưa từng thử,4,Không có kỳ vọng cụ thể,âm thanh chồng lên nhau sẽ khó chịu khi chỉ muốn xem một nội dung chính.,Không để ý,mục lịch thi đấu nên mình không mất nhiều thời gian tìm.,danh sách thông tin dài chưa cho biết chắc có bấm được hay không.,Người theo dõi cờ vua thường xuyên,Có,làm menu dễ chạm hơn vì nhiều người vào để xem lịch và kết quả.,nên ưu tiên thao tác nhanh nhất là với sự kiện và tên kỳ thủ.,Một người bạn tên Khánh
7/20/2026 14:12:08,Thỉnh thoảng,Đã từng nghe nhưng chưa truy cập,Laptop hoặc máy tính bàn,Một tay,Ở nhà,"Thông tin kỳ thủ, Lịch thi đấu",Mình muốn kiểm tra kết quả vừa cập nhật với thông tin được sắp xếp rõ.,Mình muốn nút bấm rộng nên không phải đoán mục nào nằm ở đâu.,4,Không chắc,4,3,Không,4,Có,3,Bộ lọc theo sự kiện/ngày/kỳ thủ,Tên kỳ thủ,Chưa từng thử,4,Video cũ tự dừng và video mới phát,Mình muốn mình khó biết video nào đang phát khi chỉ muốn xem một nội dung chính.,Không để ý,Mình muốn các tiêu đề bài viết nên mình không mất nhiều thời gian tìm.,Mình muốn khu vực video chưa cho biết chắc có bấm được hay không.,Người chỉ xem khi có giải lớn,Có thể,Mình muốn bổ sung icon cho các mục chính vì nhiều người vào để xem lịch và kết quả.,Mình muốn có thể thêm hướng dẫn ngắn cho người mới nhất là với sự kiện và tên kỳ thủ.,Khánh bên lớp gửi
7/20/2026 14:12:10,Chỉ theo dõi khi có giải đấu lớn,Chưa từng nghe,Laptop hoặc máy tính bàn,Một tay,Ở nhà,"Tin tức mới nhất, Kết quả trận đấu, Lịch thi đấu, Luật chơi hoặc thể thức giải","Theo mình, nên mở nhanh livestream đang nổi bật với thông tin được sắp xếp rõ.","Theo mình, nên bố cục chia nhóm rõ nên không phải đoán mục nào nằm ở đâu.",3,Không chắc,3,3,Không để ý,3,Có,3,"Không cần, chỉ cần cuộn là đủ",Từ khóa,Chưa từng thử,3,Không có kỳ vọng cụ thể,"Theo mình, nên trải nghiệm sẽ bị mất tập trung khi chỉ muốn xem một nội dung chính.",Có,"Theo mình, nên trang chủ nên mình không mất nhiều thời gian tìm.","Theo mình, nên một số thẻ nội dung chưa cho biết chắc có bấm được hay không.",Người đã biết website từ trước,Có thể,"Theo mình, nên đưa lịch đấu lên vị trí dễ thấy vì nhiều người vào để xem lịch và kết quả.","Theo mình, nên nên làm phần tìm kiếm mạnh hơn nhất là với sự kiện và tên kỳ thủ.",Lâm Hữu Khánh
7/20/2026 14:12:13,Hiếm khi hoặc chưa từng,Chưa từng nghe,Laptop hoặc máy tính bàn,Tùy tình huống,Trước khi ngủ,"Video hoặc livestream, Luật chơi hoặc thể thức giải",Quan trọng nhất là tìm ngay tên kỳ thủ mình quan tâm với thông tin được sắp xếp rõ.,Quan trọng nhất là thanh tìm kiếm dễ gặp nên không phải đoán mục nào nằm ở đâu.,2,"Một phần, nhưng vẫn cần giải thích thêm",3,2,Có,5,Không chắc,2,Gợi ý tìm kiếm khi nhập từ khóa,Tên kỳ thủ,Có,2,Video cũ tự dừng và video mới phát,Quan trọng nhất là mình có xu hướng thoát khỏi trang khi chỉ muốn xem một nội dung chính.,Không để ý,Quan trọng nhất là khu vực nội dung nổi bật nên mình không mất nhiều thời gian tìm.,Quan trọng nhất là phần tìm kiếm chưa cho biết chắc có bấm được hay không.,Không chắc,Không chắc,Quan trọng nhất là cải thiện khu vực video vì nhiều người vào để xem lịch và kết quả.,Quan trọng nhất là giao diện nhìn chung ổn nhất là với sự kiện và tên kỳ thủ.,Khánh
7/20/2026 14:12:15,Thỉnh thoảng,Đã từng nghe nhưng chưa truy cập,Điện thoại,Tùy tình huống,Trong giờ nghỉ ngắn,"Kết quả trận đấu, Bảng xếp hạng, Lịch thi đấu",Mình thấy cần nắm những điểm chính trong ngày với thông tin được sắp xếp rõ.,Mình thấy cần tốc độ tải ổn nên không phải đoán mục nào nằm ở đâu.,4,"Không, khá khó hiểu với người mới",5,4,Không,4,Không,3,Thanh tìm kiếm luôn cố định ở đầu trang,Từ khóa,Có,3,Không có kỳ vọng cụ thể,Mình thấy cần cảm giác kiểm soát nội dung bị giảm khi chỉ muốn xem một nội dung chính.,Có,Mình thấy cần các mục điều hướng chính nên mình không mất nhiều thời gian tìm.,Mình thấy cần bảng xếp hạng chưa cho biết chắc có bấm được hay không.,Người đã biết website từ trước,Có thể,Mình thấy cần thêm bộ lọc theo kỳ thủ và ngày vì nhiều người vào để xem lịch và kết quả.,Mình thấy cần nên kiểm tra kỹ khu vực video nhất là với sự kiện và tên kỳ thủ.,Lâm Hữu Khánh gửi
7/20/2026 14:46:23,Thỉnh thoảng,Chưa từng nghe,"Điện thoại, Laptop hoặc máy tính bàn",Một tay,Ở nhà,"Lịch thi đấu, Bảng xếp hạng, Video hoặc livestream","Thông tin cần được rõ ràng, có chọn lọc","Các mục, tiêu đề rõ ràng, không quá mất thời gian đi tìm tab",4,"Một phần, nhưng vẫn cần giải thích thêm",4,5,Không,4,Không chắc,4,"Thanh tìm kiếm luôn cố định ở đầu trang, Bộ lọc theo sự kiện/ngày/kỳ thủ","Tên sự kiện, Ngày diễn ra, Tên kỳ thủ",Có,3,Video cũ tự dừng và video mới phát,Dễ bị phiền do âm thanh lẫn lộn,Không để ý,Thanh mục rõ ràng,Nên có tiêu đề rõ ràng hơn ở trang chủ do sự kiện mình thấy cái ngày nó lớn rồi những thông tin kia nó hiệnhơi nhỏ ,Người theo dõi cờ vua thường xuyên,Có thể,Mình chưa có,Không,Phùng Ngọc Tuấn
7/20/2026 14:48:02,Hiếm khi hoặc chưa từng,Chưa từng nghe,"Điện thoại, Laptop hoặc máy tính bàn",Tùy tình huống,Khi đi lại hoặc chờ đợi,Luật chơi hoặc thể thức giải,Hiển thị các trận đấu gần nhất và thông tin các giải đấu trong thời gian tới,Nó khiến một người dùng mới hoàn toàn không biết gì về công nghệ có thể sử dụng được các chức năng của web mà không gặp phải trở ngại gì,3,"Có, khá rõ ràng",4,3,Không để ý,4,Có,4,"Thanh tìm kiếm luôn cố định ở đầu trang, Bộ lọc theo sự kiện/ngày/kỳ thủ, Gợi ý tìm kiếm khi nhập từ khóa","Tên sự kiện, Tên kỳ thủ, Tin mới nhất",Chưa từng thử,4,Video cũ tự dừng và video mới phát,,Có,Menu,,Người đã biết website từ trước,Không chắc,"Nên thêm các thông tin cụ thể cho từng trang mạng xã hội của các kỳ thủ, đồng thời phân trang thông tin các kỳ thủ có vẻ chưa ""rõ ràng"" lắm. Trong Menu phần schedule có mũi tên xổ xuống nhưng khi bấm vào lại chuyển sang một trang khác, và ở trang schedule lại có nút back to main menu sẽ không đồng nhất với các trang khác trong khi các trang khác lại có thể bấm vào dấu 3 gạch để mở lại menu.",,Trương Công Thiên Phú
7/20/2026 14:57:22,Thỉnh thoảng,Đã từng nghe nhưng chưa truy cập,Điện thoại,Một tay,Trong giờ nghỉ ngắn,Tin tức mới nhất,Cập nhật tin tức mới nhất,"Các thao tác trên website dễ dàng, người dùng có thể dự đoán được nội dung tiếp theo khi mở ",5,"Có, khá rõ ràng",5,4,Không,5,Có,5,Phân trang,"Tên sự kiện, Ngày diễn ra, Tên kỳ thủ, Từ khóa, Tin mới nhất",Có,4,Video cũ tự dừng và video mới phát,"Không tốt, và chỉ muốn xem một video tại một thời điểm",Có,Thanh điều hướng ,Chưa có ,Người theo dõi cờ vua thường xuyên,Có,Dữ liệu cập nhật real time,Chưa có ,Ngọc Tuấn
7/20/2026 14:59:08,Hiếm khi hoặc chưa từng,Chưa từng nghe,"Điện thoại, Laptop hoặc máy tính bàn",Tùy tình huống,"Ở nhà, Trước khi ngủ, Khi đi lại hoặc chờ đợi, Trong giờ nghỉ ngắn","Tin tức mới nhất, Lịch thi đấu, Kết quả trận đấu, Bảng xếp hạng","Nếu là 1 trận cờ vua, tôi muốn xem thông tin tuyển thủ, kết quả, nước đi nổi bật","Giao diên dễ nhìn, các nút bấm vừa phải, không  bị rối",3,"Có, khá rõ ràng",4,4,Có,4,Không chắc,4,Gợi ý tìm kiếm khi nhập từ khóa,"Tên sự kiện, Ngày diễn ra",Có,5,Video cũ tự dừng và video mới phát,"Có thể sẽ dễ bị phân tâm, và nếu là trên điện thoại thì cảm giác sẽ khó theo dõi nhiều video 1 lúc do phải lướt liên tục",Có,Phần Hamburger button,không có,Người đã biết website từ trước,Có thể,Chưa thấy nhược điểm cụ thể,Không có,Ngọc Tuấn
7/20/2026 14:59:29,Hiếm khi hoặc chưa từng,Chưa từng nghe,Điện thoại,Một tay,Ở nhà,"Lịch thi đấu, Kết quả trận đấu, Bảng xếp hạng",,,4,"Một phần, nhưng vẫn cần giải thích thêm",5,2,Có,4,Không,4,"Thanh tìm kiếm luôn cố định ở đầu trang, Phân trang, Bộ lọc theo sự kiện/ngày/kỳ thủ","Tên sự kiện, Ngày diễn ra, Tên kỳ thủ",Có,4,Video cũ tự dừng và video mới phát,Khó chịu,Có,Menu điều hướng,Chữ quá nhiều,Người theo dõi cờ vua thường xuyên,Có thể,Thêm lựa chọn ngôn ngữ,,Trương Công Thiên Phú
7/20/2026 14:59:32,Chỉ theo dõi khi có giải đấu lớn,Đã từng nghe nhưng chưa truy cập,"Điện thoại, Laptop hoặc máy tính bàn",Tùy tình huống,"Ở nhà, Trong giờ nghỉ ngắn","Tin tức mới nhất, Lịch thi đấu, Kết quả trận đấu","Tổng hợp các kết quả, sự kiện hot",Sắp xếp tin tức dễ thấy. Menu thuận tiện để di chuyển nhanh vào phần cần tìm,4,"Có, khá rõ ràng",5,5,Không,5,Không,4,"Phân trang, Bộ lọc theo sự kiện/ngày/kỳ thủ","Tên sự kiện, Từ khóa, Tin mới nhất",Có,3,Video cũ tự dừng và video mới phát,Nhiều video cùng lúc nhìn khá rối,Không,Phần News,Phần Video & Streams,Người theo dõi cờ vua thường xuyên,Có thể,Phần Home sắp xếp đơn giản hơn cho đỡ rối mắt,,Phú
7/20/2026 15:09:12,Hiếm khi hoặc chưa từng,Chưa từng nghe,"Điện thoại, Laptop hoặc máy tính bàn",Tùy tình huống,"Trước khi ngủ, Trong giờ nghỉ ngắn","Tin tức mới nhất, Video hoặc livestream","Có menu dễ xem, dễ tương tác",Website có nút bấm dễ hiểu,4,"Không, khá khó hiểu với người mới",4,2,Có,3,Không,3,"Thanh tìm kiếm luôn cố định ở đầu trang, Bộ lọc theo sự kiện/ngày/kỳ thủ, Gợi ý tìm kiếm khi nhập từ khóa","Tên sự kiện, Tin mới nhất",Có,4,Video cũ tự dừng và video mới phát,"Không thoải mái, không nghe rõ video cần nghe",Có,Menu điều hướng,"Không đồng bộ cách cuộn thông tin, vừa có vuốt ngang để cuộn, vừa có nút điều hướng để cuộn thông tin",Người đã biết website từ trước,Không chắc,Đồng bộ cách cuộn thông tin,Không có,Phú
7/20/2026 15:21:03,Hiếm khi hoặc chưa từng,Chưa từng nghe,"Điện thoại, Laptop hoặc máy tính bàn, Máy tính bảng",Tùy tình huống,"Ở nhà, Trước khi ngủ, Khi đi lại hoặc chờ đợi, Trong giờ nghỉ ngắn","Kết quả trận đấu, Bảng xếp hạng",Coi tỉ số trận đấu ,Phân chia danh mục rõ ràng,5,"Một phần, nhưng vẫn cần giải thích thêm",4,3,Không để ý,5,Không chắc,4,"Thanh tìm kiếm luôn cố định ở đầu trang, Bộ lọc theo sự kiện/ngày/kỳ thủ","Tên sự kiện, Ngày diễn ra, Tên kỳ thủ",Có,5,Không có kỳ vọng cụ thể,"Rối loạn, không biết nghe tiếng từ video nào",Không để ý,Các tab điều hướng,Không có,Người theo dõi cờ vua thường xuyên,Không,,,Phú
7/20/2026 15:21:14,Thỉnh thoảng,Đã từng nghe nhưng chưa truy cập,Điện thoại,Một tay,"Ở nhà, Trước khi ngủ","Tin tức mới nhất, Lịch thi đấu",Cập nhật kết quả trận đấu,"mục tiêu đề phải rõ ràng, đọc vào biết tổng quát nội dung nói về gì
",4,"Có, khá rõ ràng",5,4,Không để ý,5,Có,5,"Thanh tìm kiếm luôn cố định ở đầu trang, Phân trang, Bộ lọc theo sự kiện/ngày/kỳ thủ","Tên sự kiện, Ngày diễn ra, Tên kỳ thủ, Từ khóa",Có,5,Video cũ tự dừng và video mới phát,"khó chịu, vì âm thanh lẫn lộn",Không,,,Người theo dõi cờ vua thường xuyên,Có thể,,,Phú
7/20/2026 15:53:20,Chỉ theo dõi khi có giải đấu lớn,Đã từng nghe nhưng chưa truy cập,"Điện thoại, Laptop hoặc máy tính bàn",Một tay,Ở nhà,"Kết quả trận đấu, Thông tin kỳ thủ",Xem kết quả trận đấu,"UI dễ nhìn, có màu sắc không quá loè loẹt và thông tin hot nằm ở first page",3,"Không, khá khó hiểu với người mới",3,2,Không để ý,2,Có,4,"Thanh tìm kiếm luôn cố định ở đầu trang, Bộ lọc theo sự kiện/ngày/kỳ thủ, Gợi ý tìm kiếm khi nhập từ khóa","Tên sự kiện, Tên kỳ thủ, Tin mới nhất",Có,3,Video mới mở thêm nhưng video cũ vẫn chạy,Khó tập trung,Không để ý,Không rõ,Không tìm được nội dung qua thanh tìm kiếm,Người theo dõi cờ vua thường xuyên,Có thể,Thêm chức năng dark mode,Không,Ninh
7/20/2026 18:50:34,Hiếm khi hoặc chưa từng,Chưa từng nghe,"Điện thoại, Laptop hoặc máy tính bàn",Một tay,"Ở nhà, Trước khi ngủ, Khi đi lại hoặc chờ đợi, Trong giờ nghỉ ngắn","Tin tức mới nhất, Kết quả trận đấu",,,3,Không chắc,3,3,Không để ý,3,Không chắc,3,Gợi ý tìm kiếm khi nhập từ khóa,"Từ khóa, Tin mới nhất",Chưa từng thử,3,Không có kỳ vọng cụ thể,,Không để ý,,,Người theo dõi cờ vua thường xuyên,Không chắc,,,Ninh
7/20/2026 19:11:23,Chỉ theo dõi khi có giải đấu lớn,Chưa từng nghe,"Điện thoại, Laptop hoặc máy tính bàn, Khác",Một tay,"Trước khi ngủ, Khi đi lại hoặc chờ đợi, Trong giờ nghỉ ngắn","Kết quả trận đấu, Thông tin kỳ thủ, Bảng xếp hạng",Thông tin về các kì thủ,Dễ nhìn ít chữ,4,"Một phần, nhưng vẫn cần giải thích thêm",5,4,Có,4,Có,5,"Không cần, chỉ cần cuộn là đủ","Tên kỳ thủ, Từ khóa",Chưa từng thử,5,Website hỏi tôi muốn dừng video cũ không,Tệ,Không để ý,Menu và dễ nhìn,Thấy bình thường,Người theo dõi cờ vua thường xuyên,Có thể,"Đổi giao diện, màu sắc, thêm game trên web luôn tích hợp stockfish",Làm đẹp hơn nữa 🖐😭🖐,Tuấn
7/20/2026 19:35:46,Thỉnh thoảng,Đã từng nghe và từng truy cập,"Điện thoại, Laptop hoặc máy tính bàn",Một tay,"Ở nhà, Trước khi ngủ, Khi đi lại hoặc chờ đợi","Tin tức mới nhất, Lịch thi đấu, Bảng xếp hạng",check kết quả trận đấu nổi tiếng,mọi chức năng có thể hiện trên màn hình và dễ hiểu để thao tác,3,"Một phần, nhưng vẫn cần giải thích thêm",5,2,Có,5,Có,3,"Thanh tìm kiếm luôn cố định ở đầu trang, Phân trang, Bộ lọc theo sự kiện/ngày/kỳ thủ","Tên sự kiện, Ngày diễn ra, Tên kỳ thủ, Từ khóa",Có,5,Video cũ tự dừng và video mới phát,ồn ào loạn thông tin,Có,news,rating không có thông tin chi tiết hơn về player,Người theo dõi cờ vua thường xuyên,Có,,,Phú
7/20/2026 21:06:11,Hiếm khi hoặc chưa từng,Chưa từng nghe,"Điện thoại, Laptop hoặc máy tính bàn",Hai tay,"Ở nhà, Khi đi lại hoặc chờ đợi, Trong giờ nghỉ ngắn","Tin tức mới nhất, Thông tin kỳ thủ, Bảng xếp hạng",bảng xếp hạng và kết quả các trận đấu,tiêu đề nổi bật dễ nhìn,3,"Một phần, nhưng vẫn cần giải thích thêm",5,4,Không,3,Không chắc,4,"Thanh tìm kiếm luôn cố định ở đầu trang, Phân trang, Bộ lọc theo sự kiện/ngày/kỳ thủ","Ngày diễn ra, Tên kỳ thủ",Chưa từng thử,3,Video cũ tự dừng và video mới phát,rất không dễ chịu,Không để ý,phần điều hướng,,Người theo dõi cờ vua thường xuyên,Có thể,làm các tiêu đề thông tin nổi bật hơn để dễ nhìn,,Tuấn